Workbook
Name base_end: Gantt!$V1
Name base_start: Gantt!$U1
Name color_by: Gantt!$X$6
Name color_code: _xlfn.SWITCH(color_by,"Project Structure",Gantt!color_code_project_structure,"Team Roles",Gantt!color_code_team_roles,"Issues",Gantt!color_code_issues,Gantt!color_code_default)
Name color_code_default: IF(Gantt!type<>"",_xlfn.SWITCH(Gantt!type,"S",1,"T",2,"M",3),-1)
Name color_code_issues: IF(Gantt!issue="⚠", _xlfn.SWITCH(Gantt!type, "S", 901, "T", 901, "M", 902), Gantt!color_code_default)
Name color_code_project_structure: IF(Gantt!stage_id=-1,-1,_xlfn.NUMBERVALUE(IF(MOD(Gantt!stage_id,8)=0,8,MOD(Gantt!stage_id,8)) & _xlfn.SWITCH(Gantt!type, "S", "01", "T", "02", "M", "03")))
Name color_code_team_roles: IF(Gantt!role_id=-1, Gantt!color_code_default, _xlfn.NUMBERVALUE(Gantt!role_id & _xlfn.SWITCH(Gantt!type, "T", "01", "M", "04")))
Name d.conn: Gantt!$P1
Name d.id: Gantt!$M1
Name d.lag: Gantt!$Q1
Name d.name: INDEX(Gantt!$F:$F,Gantt!d.row,)
Name d.row: MATCH(Gantt!d.id,Gantt!$B:$B,0)
Name d.type: INDEX(Gantt!$E:$E,Gantt!d.row,)
Name date: Gantt!A$10
Name display: Gantt!$AG$6
Name ff_calculation: WORKDAY(INDEX(Gantt!$T:$T,Gantt!d.row,),Gantt!d.lag,)
Name fs_calculation: WORKDAY(INDEX(Gantt!$T:$T,Gantt!d.row,),1+Gantt!d.lag,)
Name highlight: Gantt!$BI$6
Name id: Gantt!$B1
Name ind.end: Gantt!$L1
Name ind.start: Gantt!$K1
Name issue: Gantt!$J1
Name item_in_base: AND(Gantt!date>=Gantt!base_start,Gantt!date<=Gantt!base_end)
Name item_in_complete: AND(Gantt!date>=Gantt!plan_start,Gantt!date<=WORKDAY(Gantt!plan_start, Gantt!percentage_complete*Gantt!workdays-1))
Name item_in_plan: AND(Gantt!date>=Gantt!plan_start,Gantt!date<=Gantt!plan_end)
Name next_date: Gantt!B$10
Name percentage_complete: Gantt!$W1
Name plan_end: Gantt!$T1
Name plan_end_calculation: WORKDAY(Gantt!plan_start,Gantt!workdays-1,)
Name plan_start: Gantt!$S1
Name plan_start_calculation: WORKDAY(Gantt!plan_end,(-1)*Gantt!workdays+1,)
Name prev_col_range: Gantt!A$13:A1048576
Name project_base_start: MIN(Gantt!$U$13:$U$1000)
Name project_duration: NETWORKDAYS(Gantt!project_start, Gantt!project_end)
Name project_end: MAX(Gantt!$T$13:$T$1000)
Name project_start: MIN(Gantt!$S$13:$S$10000)
Name role: Gantt!$H1
Name role_id: Gantt!$D1
Name scroll_incremental: Gantt!$W$11
Name sf_calculation: WORKDAY(INDEX(Gantt!$S:$S,Gantt!d.row,),(-1)+Gantt!d.lag,)
Name show_progress: Gantt!$AP$6
Name ss_calculation: WORKDAY(INDEX(Gantt!$S:$S,Gantt!d.row,),Gantt!d.lag,)
Name stage_id: Gantt!$C1
Name team_member: Gantt!$I1
Name timeline_base_start: Gantt!project_base_start-WEEKDAY(Gantt!project_base_start,3)
Name timeline_plan_start: IF(Gantt!project_start=0,TODAY()-WEEKDAY(TODAY(),3),Gantt!project_start-WEEKDAY(Gantt!project_start,3))
Name timeline_start: IF(display="Plan vs Base", IF(Gantt!timeline_base_start>0, MIN(Gantt!timeline_base_start, Gantt!timeline_plan_start), Gantt!timeline_base_start), Gantt!timeline_plan_start)
Name type: Gantt!$E1
Name workdays: MAX(Gantt!$R1,1)

Sheet Settings
B2: Settings | X2: Gantt
B6: Project Details | G6: Project Role Types | M6: Project Role Types
C8: Project Title: | D8: Example Project | H8: Role | I8: Code | J8: # | N8: Name | O8: Role | P8: Code
H9: Project Management | I9: PM | J9: =IF(H9<>"",COUNTIF($O$9:$O$30,H9),"") -> 1 | N9: C. Miller | O9: Coding | P9: {=_xlfn.IFNA(INDEX($I$9:$I$16,MATCH(O9,$H$9:$H$16,0),),"")} -> COD
C10: Project Manager: | D10: C. Miller | H10: Coding | I10: COD | J10: =IF(H10<>"",COUNTIF($O$9:$O$30,H10),"") -> 2 | N10: T. Suarez | O10: Project Management | P10: {=_xlfn.IFNA(INDEX($I$9:$I$16,MATCH(O10,$H$9:$H$16,0),),"")} -> PM
H11: Design | I11: DES | J11: =IF(H11<>"",COUNTIF($O$9:$O$30,H11),"") -> 0 | N11: C. Anthony | O11: Marketing | P11: {=_xlfn.IFNA(INDEX($I$9:$I$16,MATCH(O11,$H$9:$H$16,0),),"")} -> MAR
C12: Project Priority: | D12: High | H12: Marketing | I12: MAR | J12: =IF(H12<>"",COUNTIF($O$9:$O$30,H12),"") -> 1 | N12: N. Manson | O12: Finance | P12: {=_xlfn.IFNA(INDEX($I$9:$I$16,MATCH(O12,$H$9:$H$16,0),),"")} -> FIN
H13: Finance | I13: FIN | J13: =IF(H13<>"",COUNTIF($O$9:$O$30,H13),"") -> 1 | N13: J. Griffin | O13: Coding | P13: {=_xlfn.IFNA(INDEX($I$9:$I$16,MATCH(O13,$H$9:$H$16,0),),"")} -> COD
J14: =IF(H14<>"",COUNTIF($O$9:$O$30,H14),"") | P14: {=_xlfn.IFNA(INDEX($I$9:$I$16,MATCH(O14,$H$9:$H$16,0),),"")}
J15: =IF(H15<>"",COUNTIF($O$9:$O$30,H15),"") | P15: {=_xlfn.IFNA(INDEX($I$9:$I$16,MATCH(O15,$H$9:$H$16,0),),"")}
J16: =IF(H16<>"",COUNTIF($O$9:$O$30,H16),"") | P16: {=_xlfn.IFNA(INDEX($I$9:$I$16,MATCH(O16,$H$9:$H$16,0),),"")}
P17: {=_xlfn.IFNA(INDEX($I$9:$I$16,MATCH(O17,$H$9:$H$16,0),),"")}
P18: {=_xlfn.IFNA(INDEX($I$9:$I$16,MATCH(O18,$H$9:$H$16,0),),"")}
P19: {=_xlfn.IFNA(INDEX($I$9:$I$16,MATCH(O19,$H$9:$H$16,0),),"")}
P20: {=_xlfn.IFNA(INDEX($I$9:$I$16,MATCH(O20,$H$9:$H$16,0),),"")}
P21: {=_xlfn.IFNA(INDEX($I$9:$I$16,MATCH(O21,$H$9:$H$16,0),),"")}
P22: {=_xlfn.IFNA(INDEX($I$9:$I$16,MATCH(O22,$H$9:$H$16,0),),"")}
P23: {=_xlfn.IFNA(INDEX($I$9:$I$16,MATCH(O23,$H$9:$H$16,0),),"")}
P24: {=_xlfn.IFNA(INDEX($I$9:$I$16,MATCH(O24,$H$9:$H$16,0),),"")}
P25: {=_xlfn.IFNA(INDEX($I$9:$I$16,MATCH(O25,$H$9:$H$16,0),),"")}
P26: {=_xlfn.IFNA(INDEX($I$9:$I$16,MATCH(O26,$H$9:$H$16,0),),"")}
P27: {=_xlfn.IFNA(INDEX($I$9:$I$16,MATCH(O27,$H$9:$H$16,0),),"")}
P28: {=_xlfn.IFNA(INDEX($I$9:$I$16,MATCH(O28,$H$9:$H$16,0),),"")}
... P30: {=_xlfn.IFNA(INDEX($I$9:$I$16,MATCH(O30,$H$9:$H$16,0),),"")}

Sheet Gantt
B2: =Settings!$D$8 -> Example Project | X2: Project Timespan: | AF2: {=project_start} -> 45693 | AK2: - | AL2: {=project_end} -> 45733 | AQ2: {="(" & project_duration & ")"} -> (29) | AT2: Project Manager: | BA2: =Settings!$D$10 -> C. Miller | BI2: Settings
C5: Input Column | X5: Color By | AG5: Display | AP5: Show Progress | BI5: Highlight
C6: Calculated Column | X6: Project Structure | AG6: Plan | AP6: No | BI6: Today
C7: Snapshot Column
B10: ⚠-🏴-◆-↖-↙ | K10: Actual Plan | U10: Base Plan | W10: Today | X10: {=WORKDAY(timeline_start,scroll_incremental)} -> 45691 | Y10: =WORKDAY(X10,1) -> 45692 | Z10: =WORKDAY(Y10,1) -> 45693 | AA10: =WORKDAY(Z10,1) -> 45694 | AB10: =WORKDAY(AA10,1) -> 45695 | AC10: =WORKDAY(AB10,1) -> 45698 | AD10: =WORKDAY(AC10,1) -> 45699 | AE10: =WORKDAY(AD10,1) -> 45700 | AF10: =WORKDAY(AE10,1) -> 45701 | ... BN10: =WORKDAY(BM10,1) -> 45749
K11: Updated on: | U11: Saved on: | W11: 0
B12: ids | E12: Item Details | K12: 45707 | U12: 45707
B13: id | C13: s id | D13: r id | E13: Type | F13: Description | H13: Role | I13: Team Member | J13: ⚠ | K13: ind. Start | L13: ind. End | M13: d. id | N13: d. item | P13: d. conn | Q13: d. lag | R13: Work Days | S13: Start | T13: End | U13: Start | V13: End | W13: % | X13: =LEFT(TEXT(X10,"ddd"),1) -> M | Y13: =LEFT(TEXT(Y10,"ddd"),1) -> T | Z13: =LEFT(TEXT(Z10,"ddd"),1) -> W | AA13: =LEFT(TEXT(AA10,"ddd"),1) -> T | AB13: =LEFT(TEXT(AB10,"ddd"),1) -> F | AC13: =LEFT(TEXT(AC10,"ddd"),1) -> M | AD13: =LEFT(TEXT(AD10,"ddd"),1) -> T | AE13: =LEFT(TEXT(AE10,"ddd"),1) -> W | ... BN13: =LEFT(TEXT(BN10,"ddd"),1) -> W
B15: =IF(ROW(id)=ROW($B$13)+2,1,MAX(prev_col_range)+1) -> 1 | C15: =IF(type<>"",IF(ROW(stage_id)=ROW($C$13)+2,1,IF(type="S",MAX(prev_col_range)+1,MAX(prev_col_range))),-1) -> 1 | D15: =_xlfn.IFNA(IF(OR(type="T",type="M"),MATCH(role,Settings!$I$9:$I$16,0),-1),-1) -> -1 | E15: S | F15: Planning | H15: {=_xlfn.IFNA(INDEX(Settings!$P$9:$P$30,MATCH(team_member,Settings!$N$9:$N$30,0),),"")} | J15: ⚠ | K15: =MIN(S16:S19) -> 45693 | N15: =IF(d.id<>"",IF(d.id<id,"↖",IF(d.id>id,"↙","")),"") | O15: {=IFERROR("(" &d.type& ")" & IF(LEN(d.name)>7,LEFT(d.name,7) & "…",d.name),"")} | P15: FS | R15: =NETWORKDAYS(plan_start, MAX(T16:T19),) -> 10 | S15: {=IFERROR(IF(ind.start>0,ind.start,IF(ind.end<>"",plan_start_calculation,IF(d.id<>"",IF(OR(d.conn="FS",d.conn=""),fs_calculation,IF(d.conn="SS",ss_calculation,plan_start_calculation)),""))),"")} -> 45693 | T15: {=IFERROR(IF(ind.start<>"",plan_end_calculation,IF(ind.end<>"",ind.end,IF(d.id<>"",IF(d.conn="SF",sf_calculation,IF(d.conn="FF",ff_calculation,plan_end_calculation)),""))),"")} -> 45706 | U15: 45674 | V15: 45687 | W15: {=SUM(W16:W19*R16:R19)/SUM(R16:R19)} -> 0.46 | X15: 0 | Y15: 0 | Z15: 0 | AA15: 0 | AB15: 0 | AC15: 0 | AD15: 0 | AE15: 0 | AF15: 0 | AG15: 0 | AH15: 0 | AI15: 0 | AJ15: 0 | AK15: 0 | AL15: 0 | AM15: 0 | AN15: 0 | AO15: 0 | AP15: 0 | AQ15: 0 | AR15: 0 | AS15: 0 | AT15: 0 | AU15: 0 | AV15: 0 | AW15: 0 | AX15: 0 | AY15: 0 | AZ15: 0 | BA15: 0 | BB15: 0 | BC15: 0 | BD15: 0 | BE15: 0 | BF15: 0 | BG15: 0 | BH15: 0 | BI15: 0 | BJ15: 0 | BK15: 0 | BL15: 0 | BM15: 0 | BN15: 0
B16: =IF(ROW(id)=ROW($B$13)+2,1,MAX(prev_col_range)+1) -> 2 | C16: =IF(type<>"",IF(ROW(stage_id)=ROW($C$13)+2,1,IF(type="S",MAX(prev_col_range)+1,MAX(prev_col_range))),-1) -> 1 | D16: =_xlfn.IFNA(IF(OR(type="T",type="M"),MATCH(role,Settings!$I$9:$I$16,0),-1),-1) -> 2 | E16: T | F16: Task P1 | H16: {=_xlfn.IFNA(INDEX(Settings!$P$9:$P$30,MATCH(team_member,Settings!$N$9:$N$30,0),),"")} -> COD | I16: C. Miller | K16: 45693 | N16: =IF(d.id<>"",IF(d.id<id,"↖",IF(d.id>id,"↙","")),"") | O16: {=IFERROR("(" &d.type& ")" & IF(LEN(d.name)>7,LEFT(d.name,7) & "…",d.name),"")} | P16: FS | R16: 5 | S16: {=IFERROR(IF(ind.start>0,ind.start,IF(ind.end<>"",plan_start_calculation,IF(d.id<>"",IF(OR(d.conn="FS",d.conn=""),fs_calculation,IF(d.conn="SS",ss_calculation,plan_start_calculation)),""))),"")} -> 45693 | T16: {=IFERROR(IF(ind.start<>"",plan_end_calculation,IF(ind.end<>"",ind.end,IF(d.id<>"",IF(d.conn="SF",sf_calculation,IF(d.conn="FF",ff_calculation,plan_end_calculation)),""))),"")} -> 45699 | U16: 45674 | V16: 45680 | W16: 0.5 | X16: 0 | Y16: 0 | Z16: 0 | AA16: 0 | AB16: 0 | AC16: 0 | AD16: 0 | AE16: 0 | AF16: 0 | AG16: 0 | AH16: 0 | AI16: 0 | AJ16: 0 | AK16: 0 | AL16: 0 | AM16: 0 | AN16: 0 | AO16: 0 | AP16: 0 | AQ16: 0 | AR16: 0 | AS16: 0 | AT16: 0 | AU16: 0 | AV16: 0 | AW16: 0 | AX16: 0 | AY16: 0 | AZ16: 0 | BA16: 0 | BB16: 0 | BC16: 0 | BD16: 0 | BE16: 0 | BF16: 0 | BG16: 0 | BH16: 0 | BI16: 0 | BJ16: 0 | BK16: 0 | BL16: 0 | BM16: 0 | BN16: 0
B17: =IF(ROW(id)=ROW($B$13)+2,1,MAX(prev_col_range)+1) -> 3 | C17: =IF(type<>"",IF(ROW(stage_id)=ROW($C$13)+2,1,IF(type="S",MAX(prev_col_range)+1,MAX(prev_col_range))),-1) -> 1 | D17: =_xlfn.IFNA(IF(OR(type="T",type="M"),MATCH(role,Settings!$I$9:$I$16,0),-1),-1) -> 1 | E17: T | F17: Task P2 | H17: {=_xlfn.IFNA(INDEX(Settings!$P$9:$P$30,MATCH(team_member,Settings!$N$9:$N$30,0),),"")} -> PM | I17: T. Suarez | J17: ⚠ | M17: =B16 -> 2 | N17: =IF(d.id<>"",IF(d.id<id,"↖",IF(d.id>id,"↙","")),"") -> ↖ | O17: {=IFERROR("(" &d.type& ")" & IF(LEN(d.name)>7,LEFT(d.name,7) & "…",d.name),"")} -> (T)Task P1 | P17: FS | R17: 3 | S17: {=IFERROR(IF(ind.start>0,ind.start,IF(ind.end<>"",plan_start_calculation,IF(d.id<>"",IF(OR(d.conn="FS",d.conn=""),fs_calculation,IF(d.conn="SS",ss_calculation,plan_start_calculation)),""))),"")} -> 45700 | T17: {=IFERROR(IF(ind.start<>"",plan_end_calculation,IF(ind.end<>"",ind.end,IF(d.id<>"",IF(d.conn="SF",sf_calculation,IF(d.conn="FF",ff_calculation,plan_end_calculation)),""))),"")} -> 45702 | U17: 45681 | V17: 45685 | W17: 0.1 | X17: 0 | Y17: 0 | Z17: 0 | AA17: 0 | AB17: 0 | AC17: 0 | AD17: 0 | AE17: 0 | AF17: 0 | AG17: 0 | AH17: 0 | AI17: 0 | AJ17: 0 | AK17: 0 | AL17: 0 | AM17: 0 | AN17: 0 | AO17: 0 | AP17: 0 | AQ17: 0 | AR17: 0 | AS17: 0 | AT17: 0 | AU17: 0 | AV17: 0 | AW17: 0 | AX17: 0 | AY17: 0 | AZ17: 0 | BA17: 0 | BB17: 0 | BC17: 0 | BD17: 0 | BE17: 0 | BF17: 0 | BG17: 0 | BH17: 0 | BI17: 0 | BJ17: 0 | BK17: 0 | BL17: 0 | BM17: 0 | BN17: 0
B18: =IF(ROW(id)=ROW($B$13)+2,1,MAX(prev_col_range)+1) -> 4 | C18: =IF(type<>"",IF(ROW(stage_id)=ROW($C$13)+2,1,IF(type="S",MAX(prev_col_range)+1,MAX(prev_col_range))),-1) -> 1 | D18: =_xlfn.IFNA(IF(OR(type="T",type="M"),MATCH(role,Settings!$I$9:$I$16,0),-1),-1) -> 5 | E18: T | F18: Task P3 | H18: {=_xlfn.IFNA(INDEX(Settings!$P$9:$P$30,MATCH(team_member,Settings!$N$9:$N$30,0),),"")} -> FIN | I18: N. Manson | J18: ⚠ | M18: =B17 -> 3 | N18: =IF(d.id<>"",IF(d.id<id,"↖",IF(d.id>id,"↙","")),"") -> ↖ | O18: {=IFERROR("(" &d.type& ")" & IF(LEN(d.name)>7,LEFT(d.name,7) & "…",d.name),"")} -> (T)Task P2 | P18: FS | R18: 2 | S18: {=IFERROR(IF(ind.start>0,ind.start,IF(ind.end<>"",plan_start_calculation,IF(d.id<>"",IF(OR(d.conn="FS",d.conn=""),fs_calculation,IF(d.conn="SS",ss_calculation,plan_start_calculation)),""))),"")} -> 45705 | T18: {=IFERROR(IF(ind.start<>"",plan_end_calculation,IF(ind.end<>"",ind.end,IF(d.id<>"",IF(d.conn="SF",sf_calculation,IF(d.conn="FF",ff_calculation,plan_end_calculation)),""))),"")} -> 45706 | U18: 45686 | V18: 45687 | W18: 0.9 | X18: 0 | Y18: 0 | Z18: 0 | AA18: 0 | AB18: 0 | AC18: 0 | AD18: 0 | AE18: 0 | AF18: 0 | AG18: 0 | AH18: 0 | AI18: 0 | AJ18: 0 | AK18: 0 | AL18: 0 | AM18: 0 | AN18: 0 | AO18: 0 | AP18: 0 | AQ18: 0 | AR18: 0 | AS18: 0 | AT18: 0 | AU18: 0 | AV18: 0 | AW18: 0 | AX18: 0 | AY18: 0 | AZ18: 0 | BA18: 0 | BB18: 0 | BC18: 0 | BD18: 0 | BE18: 0 | BF18: 0 | BG18: 0 | BH18: 0 | BI18: 0 | BJ18: 0 | BK18: 0 | BL18: 0 | BM18: 0 | BN18: 0
B19: =IF(ROW(id)=ROW($B$13)+2,1,MAX(prev_col_range)+1) -> 5 | C19: =IF(type<>"",IF(ROW(stage_id)=ROW($C$13)+2,1,IF(type="S",MAX(prev_col_range)+1,MAX(prev_col_range))),-1) -> 1 | D19: =_xlfn.IFNA(IF(OR(type="T",type="M"),MATCH(role,Settings!$I$9:$I$16,0),-1),-1) -> 1 | E19: M | F19: Milestone I | H19: {=_xlfn.IFNA(INDEX(Settings!$P$9:$P$30,MATCH(team_member,Settings!$N$9:$N$30,0),),"")} -> PM | I19: T. Suarez | M19: =B18 -> 4 | N19: =IF(d.id<>"",IF(d.id<id,"↖",IF(d.id>id,"↙","")),"") -> ↖ | O19: {=IFERROR("(" &d.type& ")" & IF(LEN(d.name)>7,LEFT(d.name,7) & "…",d.name),"")} -> (T)Task P3 | P19: FF | S19: {=IFERROR(IF(ind.start>0,ind.start,IF(ind.end<>"",plan_start_calculation,IF(d.id<>"",IF(OR(d.conn="FS",d.conn=""),fs_calculation,IF(d.conn="SS",ss_calculation,plan_start_calculation)),""))),"")} -> 45706 | T19: {=IFERROR(IF(ind.start<>"",plan_end_calculation,IF(ind.end<>"",ind.end,IF(d.id<>"",IF(d.conn="SF",sf_calculation,IF(d.conn="FF",ff_calculation,plan_end_calculation)),""))),"")} -> 45706 | U19: 45687 | V19: 45687 | W19: =1*(SUM(W16:W18)=3) -> 0 | X19: 0 | Y19: 0 | Z19: 0 | AA19: 0 | AB19: 0 | AC19: 0 | AD19: 0 | AE19: 0 | AF19: 0 | AG19: 0 | AH19: 0 | AI19: 0 | AJ19: 0 | AK19: 0 | AL19: 0 | AM19: 0 | AN19: 0 | AO19: 0 | AP19: 0 | AQ19: 0 | AR19: 0 | AS19: 0 | AT19: 0 | AU19: 0 | AV19: 0 | AW19: 0 | AX19: 0 | AY19: 0 | AZ19: 0 | BA19: 0 | BB19: 0 | BC19: 0 | BD19: 0 | BE19: 0 | BF19: 0 | BG19: 0 | BH19: 0 | BI19: 0 | BJ19: 0 | BK19: 0 | BL19: 0 | BM19: 0 | BN19: 0
B20: =IF(ROW(id)=ROW($B$13)+2,1,MAX(prev_col_range)+1) -> 6 | C20: =IF(type<>"",IF(ROW(stage_id)=ROW($C$13)+2,1,IF(type="S",MAX(prev_col_range)+1,MAX(prev_col_range))),-1) -> 2 | D20: =_xlfn.IFNA(IF(OR(type="T",type="M"),MATCH(role,Settings!$I$9:$I$16,0),-1),-1) -> -1 | E20: S | F20: Implementation | H20: {=_xlfn.IFNA(INDEX(Settings!$P$9:$P$30,MATCH(team_member,Settings!$N$9:$N$30,0),),"")} -> MAR | I20: C. Anthony | K20: =MIN(S21:S24) -> 45707 | N20: =IF(d.id<>"",IF(d.id<id,"↖",IF(d.id>id,"↙","")),"") | O20: {=IFERROR("(" &d.type& ")" & IF(LEN(d.name)>7,LEFT(d.name,7) & "…",d.name),"")} | P20: FS | R20: =NETWORKDAYS(plan_start, MAX(T21:T24),) -> 10 | S20: {=IFERROR(IF(ind.start>0,ind.start,IF(ind.end<>"",plan_start_calculation,IF(d.id<>"",IF(OR(d.conn="FS",d.conn=""),fs_calculation,IF(d.conn="SS",ss_calculation,plan_start_calculation)),""))),"")} -> 45707 | T20: {=IFERROR(IF(ind.start<>"",plan_end_calculation,IF(ind.end<>"",ind.end,IF(d.id<>"",IF(d.conn="SF",sf_calculation,IF(d.conn="FF",ff_calculation,plan_end_calculation)),""))),"")} -> 45720 | U20: 45688 | V20: 45701 | W20: {=SUM(W21:W24*R21:R24)/SUM(R21:R24)} -> 0.13 | X20: 0 | Y20: 0 | Z20: 0 | AA20: 0 | AB20: 0 | AC20: 0 | AD20: 0 | AE20: 0 | AF20: 0 | AG20: 0 | AH20: 0 | AI20: 0 | AJ20: 0 | AK20: 0 | AL20: 0 | AM20: 0 | AN20: 0 | AO20: 0 | AP20: 0 | AQ20: 0 | AR20: 0 | AS20: 0 | AT20: 0 | AU20: 0 | AV20: 0 | AW20: 0 | AX20: 0 | AY20: 0 | AZ20: 0 | BA20: 0 | BB20: 0 | BC20: 0 | BD20: 0 | BE20: 0 | BF20: 0 | BG20: 0 | BH20: 0 | BI20: 0 | BJ20: 0 | BK20: 0 | BL20: 0 | BM20: 0 | BN20: 0
B21: =IF(ROW(id)=ROW($B$13)+2,1,MAX(prev_col_range)+1) -> 7 | C21: =IF(type<>"",IF(ROW(stage_id)=ROW($C$13)+2,1,IF(type="S",MAX(prev_col_range)+1,MAX(prev_col_range))),-1) -> 2 | D21: =_xlfn.IFNA(IF(OR(type="T",type="M"),MATCH(role,Settings!$I$9:$I$16,0),-1),-1) -> 1 | E21: T | F21: Task P1 | H21: {=_xlfn.IFNA(INDEX(Settings!$P$9:$P$30,MATCH(team_member,Settings!$N$9:$N$30,0),),"")} -> PM | I21: T. Suarez | M21: =B15 -> 1 | N21: =IF(d.id<>"",IF(d.id<id,"↖",IF(d.id>id,"↙","")),"") -> ↖ | O21: {=IFERROR("(" &d.type& ")" & IF(LEN(d.name)>7,LEFT(d.name,7) & "…",d.name),"")} -> (S)Plannin… | P21: FS | R21: 5 | S21: {=IFERROR(IF(ind.start>0,ind.start,IF(ind.end<>"",plan_start_calculation,IF(d.id<>"",IF(OR(d.conn="FS",d.conn=""),fs_calculation,IF(d.conn="SS",ss_calculation,plan_start_calculation)),""))),"")} -> 45707 | T21: {=IFERROR(IF(ind.start<>"",plan_end_calculation,IF(ind.end<>"",ind.end,IF(d.id<>"",IF(d.conn="SF",sf_calculation,IF(d.conn="FF",ff_calculation,plan_end_calculation)),""))),"")} -> 45713 | U21: 45688 | V21: 45694 | W21: 0.2 | X21: 0 | Y21: 0 | Z21: 0 | AA21: 0 | AB21: 0 | AC21: 0 | AD21: 0 | AE21: 0 | AF21: 0 | AG21: 0 | AH21: 0 | AI21: 0 | AJ21: 0 | AK21: 0 | AL21: 0 | AM21: 0 | AN21: 0 | AO21: 0 | AP21: 0 | AQ21: 0 | AR21: 0 | AS21: 0 | AT21: 0 | AU21: 0 | AV21: 0 | AW21: 0 | AX21: 0 | AY21: 0 | AZ21: 0 | BA21: 0 | BB21: 0 | BC21: 0 | BD21: 0 | BE21: 0 | BF21: 0 | BG21: 0 | BH21: 0 | BI21: 0 | BJ21: 0 | BK21: 0 | BL21: 0 | BM21: 0 | BN21: 0
B22: =IF(ROW(id)=ROW($B$13)+2,1,MAX(prev_col_range)+1) -> 8 | C22: =IF(type<>"",IF(ROW(stage_id)=ROW($C$13)+2,1,IF(type="S",MAX(prev_col_range)+1,MAX(prev_col_range))),-1) -> 2 | D22: =_xlfn.IFNA(IF(OR(type="T",type="M"),MATCH(role,Settings!$I$9:$I$16,0),-1),-1) -> 4 | E22: T | F22: Task P2 | H22: {=_xlfn.IFNA(INDEX(Settings!$P$9:$P$30,MATCH(team_member,Settings!$N$9:$N$30,0),),"")} -> MAR | I22: C. Anthony | M22: =B21 -> 7 | N22: =IF(d.id<>"",IF(d.id<id,"↖",IF(d.id>id,"↙","")),"") -> ↖ | O22: {=IFERROR("(" &d.type& ")" & IF(LEN(d.name)>7,LEFT(d.name,7) & "…",d.name),"")} -> (T)Task P1 | P22: FS | R22: 3 | S22: {=IFERROR(IF(ind.start>0,ind.start,IF(ind.end<>"",plan_start_calculation,IF(d.id<>"",IF(OR(d.conn="FS",d.conn=""),fs_calculation,IF(d.conn="SS",ss_calculation,plan_start_calculation)),""))),"")} -> 45714 | T22: {=IFERROR(IF(ind.start<>"",plan_end_calculation,IF(ind.end<>"",ind.end,IF(d.id<>"",IF(d.conn="SF",sf_calculation,IF(d.conn="FF",ff_calculation,plan_end_calculation)),""))),"")} -> 45716 | U22: 45695 | V22: 45699 | W22: 0.1 | X22: 0 | Y22: 0 | Z22: 0 | AA22: 0 | AB22: 0 | AC22: 0 | AD22: 0 | AE22: 0 | AF22: 0 | AG22: 0 | AH22: 0 | AI22: 0 | AJ22: 0 | AK22: 0 | AL22: 0 | AM22: 0 | AN22: 0 | AO22: 0 | AP22: 0 | AQ22: 0 | AR22: 0 | AS22: 0 | AT22: 0 | AU22: 0 | AV22: 0 | AW22: 0 | AX22: 0 | AY22: 0 | AZ22: 0 | BA22: 0 | BB22: 0 | BC22: 0 | BD22: 0 | BE22: 0 | BF22: 0 | BG22: 0 | BH22: 0 | BI22: 0 | BJ22: 0 | BK22: 0 | BL22: 0 | BM22: 0 | BN22: 0
B23: =IF(ROW(id)=ROW($B$13)+2,1,MAX(prev_col_range)+1) -> 9 | C23: =IF(type<>"",IF(ROW(stage_id)=ROW($C$13)+2,1,IF(type="S",MAX(prev_col_range)+1,MAX(prev_col_range))),-1) -> 2 | D23: =_xlfn.IFNA(IF(OR(type="T",type="M"),MATCH(role,Settings!$I$9:$I$16,0),-1),-1) -> 5 | E23: T | F23: Task P3 | H23: {=_xlfn.IFNA(INDEX(Settings!$P$9:$P$30,MATCH(team_member,Settings!$N$9:$N$30,0),),"")} -> FIN | I23: N. Manson | M23: =B22 -> 8 | N23: =IF(d.id<>"",IF(d.id<id,"↖",IF(d.id>id,"↙","")),"") -> ↖ | O23: {=IFERROR("(" &d.type& ")" & IF(LEN(d.name)>7,LEFT(d.name,7) & "…",d.name),"")} -> (T)Task P2 | P23: FS | R23: 2 | S23: {=IFERROR(IF(ind.start>0,ind.start,IF(ind.end<>"",plan_start_calculation,IF(d.id<>"",IF(OR(d.conn="FS",d.conn=""),fs_calculation,IF(d.conn="SS",ss_calculation,plan_start_calculation)),""))),"")} -> 45719 | T23: {=IFERROR(IF(ind.start<>"",plan_end_calculation,IF(ind.end<>"",ind.end,IF(d.id<>"",IF(d.conn="SF",sf_calculation,IF(d.conn="FF",ff_calculation,plan_end_calculation)),""))),"")} -> 45720 | U23: 45700 | V23: 45701 | W23: 0 | X23: 0 | Y23: 0 | Z23: 0 | AA23: 0 | AB23: 0 | AC23: 0 | AD23: 0 | AE23: 0 | AF23: 0 | AG23: 0 | AH23: 0 | AI23: 0 | AJ23: 0 | AK23: 0 | AL23: 0 | AM23: 0 | AN23: 0 | AO23: 0 | AP23: 0 | AQ23: 0 | AR23: 0 | AS23: 0 | AT23: 0 | AU23: 0 | AV23: 0 | AW23: 0 | AX23: 0 | AY23: 0 | AZ23: 0 | BA23: 0 | BB23: 0 | BC23: 0 | BD23: 0 | BE23: 0 | BF23: 0 | BG23: 0 | BH23: 0 | BI23: 0 | BJ23: 0 | BK23: 0 | BL23: 0 | BM23: 0 | BN23: 0
B24: =IF(ROW(id)=ROW($B$13)+2,1,MAX(prev_col_range)+1) -> 10 | C24: =IF(type<>"",IF(ROW(stage_id)=ROW($C$13)+2,1,IF(type="S",MAX(prev_col_range)+1,MAX(prev_col_range))),-1) -> 2 | D24: =_xlfn.IFNA(IF(OR(type="T",type="M"),MATCH(role,Settings!$I$9:$I$16,0),-1),-1) -> 2 | E24: M | F24: Milestone II | H24: {=_xlfn.IFNA(INDEX(Settings!$P$9:$P$30,MATCH(team_member,Settings!$N$9:$N$30,0),),"")} -> COD | I24: J. Griffin | M24: =B23 -> 9 | N24: =IF(d.id<>"",IF(d.id<id,"↖",IF(d.id>id,"↙","")),"") -> ↖ | O24: {=IFERROR("(" &d.type& ")" & IF(LEN(d.name)>7,LEFT(d.name,7) & "…",d.name),"")} -> (T)Task P3 | P24: FF | S24: {=IFERROR(IF(ind.start>0,ind.start,IF(ind.end<>"",plan_start_calculation,IF(d.id<>"",IF(OR(d.conn="FS",d.conn=""),fs_calculation,IF(d.conn="SS",ss_calculation,plan_start_calculation)),""))),"")} -> 45720 | T24: {=IFERROR(IF(ind.start<>"",plan_end_calculation,IF(ind.end<>"",ind.end,IF(d.id<>"",IF(d.conn="SF",sf_calculation,IF(d.conn="FF",ff_calculation,plan_end_calculation)),""))),"")} -> 45720 | U24: 45701 | V24: 45701 | W24: =1*(SUM(W21:W23)=3) -> 0 | X24: 0 | Y24: 0 | Z24: 0 | AA24: 0 | AB24: 0 | AC24: 0 | AD24: 0 | AE24: 0 | AF24: 0 | AG24: 0 | AH24: 0 | AI24: 0 | AJ24: 0 | AK24: 0 | AL24: 0 | AM24: 0 | AN24: 0 | AO24: 0 | AP24: 0 | AQ24: 0 | AR24: 0 | AS24: 0 | AT24: 0 | AU24: 0 | AV24: 0 | AW24: 0 | AX24: 0 | AY24: 0 | AZ24: 0 | BA24: 0 | BB24: 0 | BC24: 0 | BD24: 0 | BE24: 0 | BF24: 0 | BG24: 0 | BH24: 0 | BI24: 0 | BJ24: 0 | BK24: 0 | BL24: 0 | BM24: 0 | BN24: 0
B25: =IF(ROW(id)=ROW($B$13)+2,1,MAX(prev_col_range)+1) -> 11 | C25: =IF(type<>"",IF(ROW(stage_id)=ROW($C$13)+2,1,IF(type="S",MAX(prev_col_range)+1,MAX(prev_col_range))),-1) -> 3 | D25: =_xlfn.IFNA(IF(OR(type="T",type="M"),MATCH(role,Settings!$I$9:$I$16,0),-1),-1) -> -1 | E25: S | F25: Rollout Prep | H25: {=_xlfn.IFNA(INDEX(Settings!$P$9:$P$30,MATCH(team_member,Settings!$N$9:$N$30,0),),"")} | K25: =MIN(S26:S29) -> 45706 | N25: =IF(d.id<>"",IF(d.id<id,"↖",IF(d.id>id,"↙","")),"") | O25: {=IFERROR("(" &d.type& ")" & IF(LEN(d.name)>7,LEFT(d.name,7) & "…",d.name),"")} | P25: FS | R25: =NETWORKDAYS(plan_start, MAX(T26:T29),) -> 11 | S25: {=IFERROR(IF(ind.start>0,ind.start,IF(ind.end<>"",plan_start_calculation,IF(d.id<>"",IF(OR(d.conn="FS",d.conn=""),fs_calculation,IF(d.conn="SS",ss_calculation,plan_start_calculation)),""))),"")} -> 45706 | T25: {=IFERROR(IF(ind.start<>"",plan_end_calculation,IF(ind.end<>"",ind.end,IF(d.id<>"",IF(d.conn="SF",sf_calculation,IF(d.conn="FF",ff_calculation,plan_end_calculation)),""))),"")} -> 45720 | U25: 45687 | V25: 45701 | W25: {=SUM(W26:W29*R26:R29)/SUM(R26:R29)} -> 0 | X25: 0 | Y25: 0 | Z25: 0 | AA25: 0 | AB25: 0 | AC25: 0 | AD25: 0 | AE25: 0 | AF25: 0 | AG25: 0 | AH25: 0 | AI25: 0 | AJ25: 0 | AK25: 0 | AL25: 0 | AM25: 0 | AN25: 0 | AO25: 0 | AP25: 0 | AQ25: 0 | AR25: 0 | AS25: 0 | AT25: 0 | AU25: 0 | AV25: 0 | AW25: 0 | AX25: 0 | AY25: 0 | AZ25: 0 | BA25: 0 | BB25: 0 | BC25: 0 | BD25: 0 | BE25: 0 | BF25: 0 | BG25: 0 | BH25: 0 | BI25: 0 | BJ25: 0 | BK25: 0 | BL25: 0 | BM25: 0 | BN25: 0
B26: =IF(ROW(id)=ROW($B$13)+2,1,MAX(prev_col_range)+1) -> 12 | C26: =IF(type<>"",IF(ROW(stage_id)=ROW($C$13)+2,1,IF(type="S",MAX(prev_col_range)+1,MAX(prev_col_range))),-1) -> 3 | D26: =_xlfn.IFNA(IF(OR(type="T",type="M"),MATCH(role,Settings!$I$9:$I$16,0),-1),-1) -> -1 | E26: T | F26: Task RP1 | H26: {=_xlfn.IFNA(INDEX(Settings!$P$9:$P$30,MATCH(team_member,Settings!$N$9:$N$30,0),),"")} | M26: =B27 -> 13 | N26: =IF(d.id<>"",IF(d.id<id,"↖",IF(d.id>id,"↙","")),"") -> ↙ | O26: {=IFERROR("(" &d.type& ")" & IF(LEN(d.name)>7,LEFT(d.name,7) & "…",d.name),"")} -> (T)Task RP… | P26: SF | R26: 5 | S26: {=IFERROR(IF(ind.start>0,ind.start,IF(ind.end<>"",plan_start_calculation,IF(d.id<>"",IF(OR(d.conn="FS",d.conn=""),fs_calculation,IF(d.conn="SS",ss_calculation,plan_start_calculation)),""))),"")} -> 45706 | T26: {=IFERROR(IF(ind.start<>"",plan_end_calculation,IF(ind.end<>"",ind.end,IF(d.id<>"",IF(d.conn="SF",sf_calculation,IF(d.conn="FF",ff_calculation,plan_end_calculation)),""))),"")} -> 45712 | U26: 45687 | V26: 45693 | X26: 0 | Y26: 0 | Z26: 0 | AA26: 0 | AB26: 0 | AC26: 0 | AD26: 0 | AE26: 0 | AF26: 0 | AG26: 0 | AH26: 0 | AI26: 0 | AJ26: 0 | AK26: 0 | AL26: 0 | AM26: 0 | AN26: 0 | AO26: 0 | AP26: 0 | AQ26: 0 | AR26: 0 | AS26: 0 | AT26: 0 | AU26: 0 | AV26: 0 | AW26: 0 | AX26: 0 | AY26: 0 | AZ26: 0 | BA26: 0 | BB26: 0 | BC26: 0 | BD26: 0 | BE26: 0 | BF26: 0 | BG26: 0 | BH26: 0 | BI26: 0 | BJ26: 0 | BK26: 0 | BL26: 0 | BM26: 0 | BN26: 0
B27: =IF(ROW(id)=ROW($B$13)+2,1,MAX(prev_col_range)+1) -> 13 | C27: =IF(type<>"",IF(ROW(stage_id)=ROW($C$13)+2,1,IF(type="S",MAX(prev_col_range)+1,MAX(prev_col_range))),-1) -> 3 | D27: =_xlfn.IFNA(IF(OR(type="T",type="M"),MATCH(role,Settings!$I$9:$I$16,0),-1),-1) -> -1 | E27: T | F27: Task RP2 | H27: {=_xlfn.IFNA(INDEX(Settings!$P$9:$P$30,MATCH(team_member,Settings!$N$9:$N$30,0),),"")} | M27: =B28 -> 14 | N27: =IF(d.id<>"",IF(d.id<id,"↖",IF(d.id>id,"↙","")),"") -> ↙ | O27: {=IFERROR("(" &d.type& ")" & IF(LEN(d.name)>7,LEFT(d.name,7) & "…",d.name),"")} -> (T)Task RP… | P27: SF | R27: 4 | S27: {=IFERROR(IF(ind.start>0,ind.start,IF(ind.end<>"",plan_start_calculation,IF(d.id<>"",IF(OR(d.conn="FS",d.conn=""),fs_calculation,IF(d.conn="SS",ss_calculation,plan_start_calculation)),""))),"")} -> 45713 | T27: {=IFERROR(IF(ind.start<>"",plan_end_calculation,IF(ind.end<>"",ind.end,IF(d.id<>"",IF(d.conn="SF",sf_calculation,IF(d.conn="FF",ff_calculation,plan_end_calculation)),""))),"")} -> 45716 | U27: 45694 | V27: 45699 | X27: 0 | Y27: 0 | Z27: 0 | AA27: 0 | AB27: 0 | AC27: 0 | AD27: 0 | AE27: 0 | AF27: 0 | AG27: 0 | AH27: 0 | AI27: 0 | AJ27: 0 | AK27: 0 | AL27: 0 | AM27: 0 | AN27: 0 | AO27: 0 | AP27: 0 | AQ27: 0 | AR27: 0 | AS27: 0 | AT27: 0 | AU27: 0 | AV27: 0 | AW27: 0 | AX27: 0 | AY27: 0 | AZ27: 0 | BA27: 0 | BB27: 0 | BC27: 0 | BD27: 0 | BE27: 0 | BF27: 0 | BG27: 0 | BH27: 0 | BI27: 0 | BJ27: 0 | BK27: 0 | BL27: 0 | BM27: 0 | BN27: 0
B28: =IF(ROW(id)=ROW($B$13)+2,1,MAX(prev_col_range)+1) -> 14 | C28: =IF(type<>"",IF(ROW(stage_id)=ROW($C$13)+2,1,IF(type="S",MAX(prev_col_range)+1,MAX(prev_col_range))),-1) -> 3 | D28: =_xlfn.IFNA(IF(OR(type="T",type="M"),MATCH(role,Settings!$I$9:$I$16,0),-1),-1) -> -1 | E28: T | F28: Task RP3 | H28: {=_xlfn.IFNA(INDEX(Settings!$P$9:$P$30,MATCH(team_member,Settings!$N$9:$N$30,0),),"")} | M28: =B29 -> 15 | N28: =IF(d.id<>"",IF(d.id<id,"↖",IF(d.id>id,"↙","")),"") -> ↙ | O28: {=IFERROR("(" &d.type& ")" & IF(LEN(d.name)>7,LEFT(d.name,7) & "…",d.name),"")} -> (M)Milesto… | P28: FF | R28: 2 | S28: {=IFERROR(IF(ind.start>0,ind.start,IF(ind.end<>"",plan_start_calculation,IF(d.id<>"",IF(OR(d.conn="FS",d.conn=""),fs_calculation,IF(d.conn="SS",ss_calculation,plan_start_calculation)),""))),"")} -> 45719 | T28: {=IFERROR(IF(ind.start<>"",plan_end_calculation,IF(ind.end<>"",ind.end,IF(d.id<>"",IF(d.conn="SF",sf_calculation,IF(d.conn="FF",ff_calculation,plan_end_calculation)),""))),"")} -> 45720 | U28: 45700 | V28: 45701 | X28: 0 | Y28: 0 | Z28: 0 | AA28: 0 | AB28: 0 | AC28: 0 | AD28: 0 | AE28: 0 | AF28: 0 | AG28: 0 | AH28: 0 | AI28: 0 | AJ28: 0 | AK28: 0 | AL28: 0 | AM28: 0 | AN28: 0 | AO28: 0 | AP28: 0 | AQ28: 0 | AR28: 0 | AS28: 0 | AT28: 0 | AU28: 0 | AV28: 0 | AW28: 0 | AX28: 0 | AY28: 0 | AZ28: 0 | BA28: 0 | BB28: 0 | BC28: 0 | BD28: 0 | BE28: 0 | BF28: 0 | BG28: 0 | BH28: 0 | BI28: 0 | BJ28: 0 | BK28: 0 | BL28: 0 | BM28: 0 | BN28: 0
B29: =IF(ROW(id)=ROW($B$13)+2,1,MAX(prev_col_range)+1) -> 15 | C29: =IF(type<>"",IF(ROW(stage_id)=ROW($C$13)+2,1,IF(type="S",MAX(prev_col_range)+1,MAX(prev_col_range))),-1) -> 3 | D29: =_xlfn.IFNA(IF(OR(type="T",type="M"),MATCH(role,Settings!$I$9:$I$16,0),-1),-1) -> -1 | E29: M | F29: Milestone III | H29: {=_xlfn.IFNA(INDEX(Settings!$P$9:$P$30,MATCH(team_member,Settings!$N$9:$N$30,0),),"")} | M29: =B20 -> 6 | N29: =IF(d.id<>"",IF(d.id<id,"↖",IF(d.id>id,"↙","")),"") -> ↖ | O29: {=IFERROR("(" &d.type& ")" & IF(LEN(d.name)>7,LEFT(d.name,7) & "…",d.name),"")} -> (S)Impleme… | P29: FF | S29: {=IFERROR(IF(ind.start>0,ind.start,IF(ind.end<>"",plan_start_calculation,IF(d.id<>"",IF(OR(d.conn="FS",d.conn=""),fs_calculation,IF(d.conn="SS",ss_calculation,plan_start_calculation)),""))),"")} -> 45720 | T29: {=IFERROR(IF(ind.start<>"",plan_end_calculation,IF(ind.end<>"",ind.end,IF(d.id<>"",IF(d.conn="SF",sf_calculation,IF(d.conn="FF",ff_calculation,plan_end_calculation)),""))),"")} -> 45720 | U29: 45701 | V29: 45701 | W29: =1*(SUM(W26:W28)=3) -> 0 | X29: 0 | Y29: 0 | Z29: 0 | AA29: 0 | AB29: 0 | AC29: 0 | AD29: 0 | AE29: 0 | AF29: 0 | AG29: 0 | AH29: 0 | AI29: 0 | AJ29: 0 | AK29: 0 | AL29: 0 | AM29: 0 | AN29: 0 | AO29: 0 | AP29: 0 | AQ29: 0 | AR29: 0 | AS29: 0 | AT29: 0 | AU29: 0 | AV29: 0 | AW29: 0 | AX29: 0 | AY29: 0 | AZ29: 0 | BA29: 0 | BB29: 0 | BC29: 0 | BD29: 0 | BE29: 0 | BF29: 0 | BG29: 0 | BH29: 0 | BI29: 0 | BJ29: 0 | BK29: 0 | BL29: 0 | BM29: 0 | BN29: 0
B30: =IF(ROW(id)=ROW($B$13)+2,1,MAX(prev_col_range)+1) -> 16 | C30: =IF(type<>"",IF(ROW(stage_id)=ROW($C$13)+2,1,IF(type="S",MAX(prev_col_range)+1,MAX(prev_col_range))),-1) -> 4 | D30: =_xlfn.IFNA(IF(OR(type="T",type="M"),MATCH(role,Settings!$I$9:$I$16,0),-1),-1) -> -1 | E30: S | F30: Rollout | H30: {=_xlfn.IFNA(INDEX(Settings!$P$9:$P$30,MATCH(team_member,Settings!$N$9:$N$30,0),),"")} | K30: =MIN(S31:S34) -> 45721 | N30: =IF(d.id<>"",IF(d.id<id,"↖",IF(d.id>id,"↙","")),"") | O30: {=IFERROR("(" &d.type& ")" & IF(LEN(d.name)>7,LEFT(d.name,7) & "…",d.name),"")} | P30: FS | R30: =NETWORKDAYS(plan_start, MAX(T31:T34),) -> 9 | S30: {=IFERROR(IF(ind.start>0,ind.start,IF(ind.end<>"",plan_start_calculation,IF(d.id<>"",IF(OR(d.conn="FS",d.conn=""),fs_calculation,IF(d.conn="SS",ss_calculation,plan_start_calculation)),""))),"")} -> 45721 | T30: {=IFERROR(IF(ind.start<>"",plan_end_calculation,IF(ind.end<>"",ind.end,IF(d.id<>"",IF(d.conn="SF",sf_calculation,IF(d.conn="FF",ff_calculation,plan_end_calculation)),""))),"")} -> 45733 | U30: 45702 | V30: 45714 | W30: {=SUM(W31:W34*R31:R34)/SUM(R31:R34)} -> 0 | X30: 0 | Y30: 0 | Z30: 0 | AA30: 0 | AB30: 0 | AC30: 0 | AD30: 0 | AE30: 0 | AF30: 0 | AG30: 0 | AH30: 0 | AI30: 0 | AJ30: 0 | AK30: 0 | AL30: 0 | AM30: 0 | AN30: 0 | AO30: 0 | AP30: 0 | AQ30: 0 | AR30: 0 | AS30: 0 | AT30: 0 | AU30: 0 | AV30: 0 | AW30: 0 | AX30: 0 | AY30: 0 | AZ30: 0 | BA30: 0 | BB30: 0 | BC30: 0 | BD30: 0 | BE30: 0 | BF30: 0 | BG30: 0 | BH30: 0 | BI30: 0 | BJ30: 0 | BK30: 0 | BL30: 0 | BM30: 0 | BN30: 0
B31: =IF(ROW(id)=ROW($B$13)+2,1,MAX(prev_col_range)+1) -> 17 | C31: =IF(type<>"",IF(ROW(stage_id)=ROW($C$13)+2,1,IF(type="S",MAX(prev_col_range)+1,MAX(prev_col_range))),-1) -> 4 | D31: =_xlfn.IFNA(IF(OR(type="T",type="M"),MATCH(role,Settings!$I$9:$I$16,0),-1),-1) -> -1 | E31: T | F31: Task RP1 | H31: {=_xlfn.IFNA(INDEX(Settings!$P$9:$P$30,MATCH(team_member,Settings!$N$9:$N$30,0),),"")} | M31: =B25 -> 11 | N31: =IF(d.id<>"",IF(d.id<id,"↖",IF(d.id>id,"↙","")),"") -> ↖ | O31: {=IFERROR("(" &d.type& ")" & IF(LEN(d.name)>7,LEFT(d.name,7) & "…",d.name),"")} -> (S)Rollout… | P31: FS | R31: 3 | S31: {=IFERROR(IF(ind.start>0,ind.start,IF(ind.end<>"",plan_start_calculation,IF(d.id<>"",IF(OR(d.conn="FS",d.conn=""),fs_calculation,IF(d.conn="SS",ss_calculation,plan_start_calculation)),""))),"")} -> 45721 | T31: {=IFERROR(IF(ind.start<>"",plan_end_calculation,IF(ind.end<>"",ind.end,IF(d.id<>"",IF(d.conn="SF",sf_calculation,IF(d.conn="FF",ff_calculation,plan_end_calculation)),""))),"")} -> 45723 | U31: 45702 | V31: 45706 | X31: 0 | Y31: 0 | Z31: 0 | AA31: 0 | AB31: 0 | AC31: 0 | AD31: 0 | AE31: 0 | AF31: 0 | AG31: 0 | AH31: 0 | AI31: 0 | AJ31: 0 | AK31: 0 | AL31: 0 | AM31: 0 | AN31: 0 | AO31: 0 | AP31: 0 | AQ31: 0 | AR31: 0 | AS31: 0 | AT31: 0 | AU31: 0 | AV31: 0 | AW31: 0 | AX31: 0 | AY31: 0 | AZ31: 0 | BA31: 0 | BB31: 0 | BC31: 0 | BD31: 0 | BE31: 0 | BF31: 0 | BG31: 0 | BH31: 0 | BI31: 0 | BJ31: 0 | BK31: 0 | BL31: 0 | BM31: 0 | BN31: 0
B32: =IF(ROW(id)=ROW($B$13)+2,1,MAX(prev_col_range)+1) -> 18 | C32: =IF(type<>"",IF(ROW(stage_id)=ROW($C$13)+2,1,IF(type="S",MAX(prev_col_range)+1,MAX(prev_col_range))),-1) -> 4 | D32: =_xlfn.IFNA(IF(OR(type="T",type="M"),MATCH(role,Settings!$I$9:$I$16,0),-1),-1) -> -1 | E32: T | F32: Task RP2 | H32: {=_xlfn.IFNA(INDEX(Settings!$P$9:$P$30,MATCH(team_member,Settings!$N$9:$N$30,0),),"")} | M32: =B31 -> 17 | N32: =IF(d.id<>"",IF(d.id<id,"↖",IF(d.id>id,"↙","")),"") -> ↖ | O32: {=IFERROR("(" &d.type& ")" & IF(LEN(d.name)>7,LEFT(d.name,7) & "…",d.name),"")} -> (T)Task RP… | P32: FS | R32: 3 | S32: {=IFERROR(IF(ind.start>0,ind.start,IF(ind.end<>"",plan_start_calculation,IF(d.id<>"",IF(OR(d.conn="FS",d.conn=""),fs_calculation,IF(d.conn="SS",ss_calculation,plan_start_calculation)),""))),"")} -> 45726 | T32: {=IFERROR(IF(ind.start<>"",plan_end_calculation,IF(ind.end<>"",ind.end,IF(d.id<>"",IF(d.conn="SF",sf_calculation,IF(d.conn="FF",ff_calculation,plan_end_calculation)),""))),"")} -> 45728 | U32: 45707 | V32: 45709 | X32: 0 | Y32: 0 | Z32: 0 | AA32: 0 | AB32: 0 | AC32: 0 | AD32: 0 | AE32: 0 | AF32: 0 | AG32: 0 | AH32: 0 | AI32: 0 | AJ32: 0 | AK32: 0 | AL32: 0 | AM32: 0 | AN32: 0 | AO32: 0 | AP32: 0 | AQ32: 0 | AR32: 0 | AS32: 0 | AT32: 0 | AU32: 0 | AV32: 0 | AW32: 0 | AX32: 0 | AY32: 0 | AZ32: 0 | BA32: 0 | BB32: 0 | BC32: 0 | BD32: 0 | BE32: 0 | BF32: 0 | BG32: 0 | BH32: 0 | BI32: 0 | BJ32: 0 | BK32: 0 | BL32: 0 | BM32: 0 | BN32: 0
B33: =IF(ROW(id)=ROW($B$13)+2,1,MAX(prev_col_range)+1) -> 19 | C33: =IF(type<>"",IF(ROW(stage_id)=ROW($C$13)+2,1,IF(type="S",MAX(prev_col_range)+1,MAX(prev_col_range))),-1) -> 4 | D33: =_xlfn.IFNA(IF(OR(type="T",type="M"),MATCH(role,Settings!$I$9:$I$16,0),-1),-1) -> -1 | E33: T | F33: Task RP3 | H33: {=_xlfn.IFNA(INDEX(Settings!$P$9:$P$30,MATCH(team_member,Settings!$N$9:$N$30,0),),"")} | M33: =B32 -> 18 | N33: =IF(d.id<>"",IF(d.id<id,"↖",IF(d.id>id,"↙","")),"") -> ↖ | O33: {=IFERROR("(" &d.type& ")" & IF(LEN(d.name)>7,LEFT(d.name,7) & "…",d.name),"")} -> (T)Task RP… | P33: FS | R33: 3 | S33: {=IFERROR(IF(ind.start>0,ind.start,IF(ind.end<>"",plan_start_calculation,IF(d.id<>"",IF(OR(d.conn="FS",d.conn=""),fs_calculation,IF(d.conn="SS",ss_calculation,plan_start_calculation)),""))),"")} -> 45729 | T33: {=IFERROR(IF(ind.start<>"",plan_end_calculation,IF(ind.end<>"",ind.end,IF(d.id<>"",IF(d.conn="SF",sf_calculation,IF(d.conn="FF",ff_calculation,plan_end_calculation)),""))),"")} -> 45733 | U33: 45712 | V33: 45714 | X33: 0 | Y33: 0 | Z33: 0 | AA33: 0 | AB33: 0 | AC33: 0 | AD33: 0 | AE33: 0 | AF33: 0 | AG33: 0 | AH33: 0 | AI33: 0 | AJ33: 0 | AK33: 0 | AL33: 0 | AM33: 0 | AN33: 0 | AO33: 0 | AP33: 0 | AQ33: 0 | AR33: 0 | AS33: 0 | AT33: 0 | AU33: 0 | AV33: 0 | AW33: 0 | AX33: 0 | AY33: 0 | AZ33: 0 | BA33: 0 | BB33: 0 | BC33: 0 | BD33: 0 | BE33: 0 | BF33: 0 | BG33: 0 | BH33: 0 | BI33: 0 | BJ33: 0 | BK33: 0 | BL33: 0 | BM33: 0 | BN33: 0
B34: =IF(ROW(id)=ROW($B$13)+2,1,MAX(prev_col_range)+1) -> 20 | C34: =IF(type<>"",IF(ROW(stage_id)=ROW($C$13)+2,1,IF(type="S",MAX(prev_col_range)+1,MAX(prev_col_range))),-1) -> 4 | D34: =_xlfn.IFNA(IF(OR(type="T",type="M"),MATCH(role,Settings!$I$9:$I$16,0),-1),-1) -> -1 | E34: M | F34: Milestone IV | H34: {=_xlfn.IFNA(INDEX(Settings!$P$9:$P$30,MATCH(team_member,Settings!$N$9:$N$30,0),),"")} | M34: =B33 -> 19 | N34: =IF(d.id<>"",IF(d.id<id,"↖",IF(d.id>id,"↙","")),"") -> ↖ | O34: {=IFERROR("(" &d.type& ")" & IF(LEN(d.name)>7,LEFT(d.name,7) & "…",d.name),"")} -> (T)Task RP… | P34: FF | S34: {=IFERROR(IF(ind.start>0,ind.start,IF(ind.end<>"",plan_start_calculation,IF(d.id<>"",IF(OR(d.conn="FS",d.conn=""),fs_calculation,IF(d.conn="SS",ss_calculation,plan_start_calculation)),""))),"")} -> 45733 | T34: {=IFERROR(IF(ind.start<>"",plan_end_calculation,IF(ind.end<>"",ind.end,IF(d.id<>"",IF(d.conn="SF",sf_calculation,IF(d.conn="FF",ff_calculation,plan_end_calculation)),""))),"")} -> 45733 | U34: 45714 | V34: 45714 | W34: =1*(SUM(W31:W33)=3) -> 0 | X34: 0 | Y34: 0 | Z34: 0 | AA34: 0 | AB34: 0 | AC34: 0 | AD34: 0 | AE34: 0 | AF34: 0 | AG34: 0 | AH34: 0 | AI34: 0 | AJ34: 0 | AK34: 0 | AL34: 0 | AM34: 0 | AN34: 0 | AO34: 0 | AP34: 0 | AQ34: 0 | AR34: 0 | AS34: 0 | AT34: 0 | AU34: 0 | AV34: 0 | AW34: 0 | AX34: 0 | AY34: 0 | AZ34: 0 | BA34: 0 | BB34: 0 | BC34: 0 | BD34: 0 | BE34: 0 | BF34: 0 | BG34: 0 | BH34: 0 | BI34: 0 | BJ34: 0 | BK34: 0 | BL34: 0 | BM34: 0 | BN34: 0
B35: =IF(ROW(id)=ROW($B$13)+2,1,MAX(prev_col_range)+1) -> 21 | C35: =IF(type<>"",IF(ROW(stage_id)=ROW($C$13)+2,1,IF(type="S",MAX(prev_col_range)+1,MAX(prev_col_range))),-1) -> 5 | D35: =_xlfn.IFNA(IF(OR(type="T",type="M"),MATCH(role,Settings!$I$9:$I$16,0),-1),-1) -> -1 | E35: S | H35: {=_xlfn.IFNA(INDEX(Settings!$P$9:$P$30,MATCH(team_member,Settings!$N$9:$N$30,0),),"")} | N35: =IF(d.id<>"",IF(d.id<id,"↖",IF(d.id>id,"↙","")),"") | O35: {=IFERROR("(" &d.type& ")" & IF(LEN(d.name)>7,LEFT(d.name,7) & "…",d.name),"")} | P35: FF | S35: {=IFERROR(IF(ind.start>0,ind.start,IF(ind.end<>"",plan_start_calculation,IF(d.id<>"",IF(OR(d.conn="FS",d.conn=""),fs_calculation,IF(d.conn="SS",ss_calculation,plan_start_calculation)),""))),"")} | T35: {=IFERROR(IF(ind.start<>"",plan_end_calculation,IF(ind.end<>"",ind.end,IF(d.id<>"",IF(d.conn="SF",sf_calculation,IF(d.conn="FF",ff_calculation,plan_end_calculation)),""))),"")} | U35: 45714 | V35: 45714 | W35: =1*(SUM(W32:W34)=3) -> 0 | X35: 0 | Y35: 0 | Z35: 0 | AA35: 0 | AB35: 0 | AC35: 0 | AD35: 0 | AE35: 0 | AF35: 0 | AG35: 0 | AH35: 0 | AI35: 0 | AJ35: 0 | AK35: 0 | AL35: 0 | AM35: 0 | AN35: 0 | AO35: 0 | AP35: 0 | AQ35: 0 | AR35: 0 | AS35: 0 | AT35: 0 | AU35: 0 | AV35: 0 | AW35: 0 | AX35: 0 | AY35: 0 | AZ35: 0 | BA35: 0 | BB35: 0 | BC35: 0 | BD35: 0 | BE35: 0 | BF35: 0 | BG35: 0 | BH35: 0 | BI35: 0 | BJ35: 0 | BK35: 0 | BL35: 0 | BM35: 0 | BN35: 0
